id_usuario;nombre;mail;password;username;fecha_nacimiento
89;Amanda Smith;asmith@gmail.com;2HpVCr81;asmith1989;18-05-1996
110;Craig Smith;csmith@hotmail.com;tzxSkUzQ;csmith1994;13-02-1980
64;Michelle Weber;mweber@yahoo.it;TV912g59;mweber1962;17-12-2011
97;Jennifer Mclaughlin;jmclaughlin@yahoo.it;ewdv9IPt;jmclaughlin2001;26-09-1982
99;Allen Hicks;ahicks@yahoo.es;Lx88NX4L;ahicks1988;12-09-1972
116;Mr. Brent Barajas;mbrent@hotmail.com;SltGL55J;mbrent1977;11-02-1955
22;Daniel Bentley;dbentley@yahoo.it;dVk9wNFx;dbentley1972;17-04-1943
131;Sandra White;swhite@yahoo.it;AlTbt6GM;swhite1976;19-06-1971
145;Thomas Ashley;tashley@icloud.com;0ZhZO33t;tashley1984;25-07-1948
54;Kyle Mckenzie;kmckenzie@yahoo.it;8unHco8S;kmckenzie1982;08-10-1981
102;Benjamin Miller;bmiller@yahoo.it;RRMlowlh;bmiller1969;14-05-1985
112;Jennifer Hopkins;jhopkins@yahoo.es;zLaETntd;jhopkins1985;26-01-1956
47;Jeffrey Brown;jbrown@gmail.com;rUES9Men;jbrown1968;06-11-1943
77;Anthony Clark;aclark@yahoo.it;PsFGHSvv;aclark1972;15-07-1978
107;Sierra Garrett;sgarrett@hotmail.com;aJ1i7pVt;sgarrett1983;01-10-2008
119;Sheena Harrison;sharrison@yahoo.es;dqJ3UlcF;sharrison2000;27-03-1971
150;Jared Pratt;jpratt@yahoo.it;kcQDLiw5;jpratt1973;07-01-2001
108;Laura Mcdaniel;lmcdaniel@icloud.com;suykYALE;lmcdaniel1995;01-03-1987
111;Ryan Merritt;rmerritt@icloud.com;5lqZRmWV;rmerritt1967;20-06-1969
125;Gregory Berry;gberry@yahoo.it;rDUQSQVX;gberry1982;28-12-1951
126;Matthew Hammond;mhammond@icloud.com;OVyLrJKy;mhammond1980;12-11-1987
9;Jeffrey Aguirre;jaguirre@yahoo.it;dL1lawrd;jaguirre1971;07-02-1971
40;Jasmine Oconnor;joconnor@hotmail.com;eUsJ0bIE;joconnor1986;18-05-1963
104;Danielle Middleton;dmiddleton@gmail.com;mukaT7rx;dmiddleton1994;11-10-1949
135;Ximelez;ximelez@gmail.com;IUxIUoVM;ximelez1965;15-06-1946
96;Mrs. Paula Monroe DDS;mpaula@icloud.com;QLSkaoC4;mpaula1990;17-11-1948
115;Alexa York;ayork@icloud.com;VRlki1jC;ayork1984;02-07-1982
143;Sharon Weber;sweber@gmail.com;1KvE1GH9;sweber1966;10-11-1987
148;Mario Shepard;mshepard@hotmail.com;3vVZGIhO;mshepard1995;06-05-1998
146;John Wade;jwade@icloud.com;ENjqJ0g3;jwade1981;17-11-1945
120;Amanda Sandoval;asandoval@yahoo.es;Mnv5OmqE;asandoval1990;23-05-1984
41;Sandra Ballard;sballard@hotmail.com;0cKXBQgM;sballard2001;18-09-1984
90;James James;jjames@hotmail.com;nWcB06pO;jjames1966;24-03-2000
103;Nicholas Carter;ncarter@icloud.com;5w9UIytL;ncarter1964;15-06-1977
133;Brian Rios;brios@icloud.com;ow8NkWYm;brios1983;29-08-1969
11;Michael Marshall;mmarshall@yahoo.es;JAteLxYq;mmarshall1982;29-02-1956
106;Charles Tucker;ctucker@yahoo.es;wCnJiML8;ctucker1961;14-05-2013
122;Caroline Wilson;cwilson@gmail.com;2V1fvJAB;cwilson1965;28-07-1952
124;Jennifer Wilson;jwilson@yahoo.it;gvkCBAv2;jwilson1979;08-11-1960
12;Steven Sullivan;ssullivan@yahoo.com;oSCRZPnt;ssullivan1988;07-04-1979
100;Jason Stone;jstone@yahoo.com;OxmLgzvq;jstone1973;20-12-1958
105;Charles Gordon;cgordon@gmail.com;kc8gQfxD;cgordon1977;18-02-1970
127;Paul Davis;pdavis@gmail.com;vFjUO6Rc;pdavis2001;10-04-2005
147;Barbara Sanchez;bsanchez@yahoo.com;zeW5Pha5;bsanchez1994;04-08-1959
45;Timothy Bryant;tbryant@hotmail.com;NfUPGTeB;tbryant1985;10-07-2010
123;Jack Bryant;jbryant@yahoo.com;EyjXHUYs;jbryant1971;10-08-1979
95;Minanda;minanda@hotmail.com;IUxIUoVM;minanda1972;30-04-1968
109;Jeff Fischer;jfischer@yahoo.com;wjQQsWFm;jfischer1960;25-06-2010
87;Melissa Rodriguez;mrodriguez@yahoo.com;mVqchhZq;mrodriguez1969;04-07-1967
10;Antonio Shaw;ashaw@icloud.com;qSOfdTgQ;ashaw1989;10-03-1974
23;Donna Johnson;djohnson@yahoo.es;oxf4uFom;djohnson1984;23-03-1993
27;Teresa Chavez;tchavez@hotmail.com;IpPsGbm0;tchavez1983;22-03-1995
78;Kimberly Williams;kwilliams@gmail.com;QR867UAL;kwilliams1970;16-11-1968
91;Travis Meyers;tmeyers@yahoo.it;rnFwF4aL;tmeyers1960;20-01-2006
128;Melinda Hess;mhess@yahoo.com;dkoUQ5wV;mhess1971;09-06-2016
137;Alexander Webb;awebb@yahoo.es;5e7AnmrQ;awebb1962;01-06-1968
74;Wendy Smith;wsmith@yahoo.it;yiEbsYQQ;wsmith2001;15-10-1981
118;Steven Stephenson;sstephenson@yahoo.es;yqP3SOFT;sstephenson2001;12-02-1959
129;Richard Cummings;rcummings@gmail.com;b8plrpfa;rcummings1976;11-03-1998
38;Amy Allen;aallen@yahoo.es;JOiUve4K;aallen1997;14-04-1965
142;Matthew Whitney;mwhitney@hotmail.com;qVYt81JH;mwhitney1991;10-11-2013
101;Dawn Peters;dpeters@icloud.com;wSmv55zq;dpeters1968;20-07-1963
79;Michael Stewart;mstewart@hotmail.com;gnBKK1zl;mstewart1996;02-09-1952
80;Nicholas Snyder;nsnyder@hotmail.com;38mdWYSX;nsnyder1960;01-12-1970
93;Joanna Brewer;jbrewer@gmail.com;InlgLdUD;jbrewer1984;08-03-1972
141;Jessica Taylor;jtaylor@yahoo.com;5f3ioZ9I;jtaylor1997;02-07-1957
134;Joseph Harrison;jharrison@yahoo.es;ZCtisRw5;jharrison1997;26-10-1990
139;Jason Williams;jwilliams@yahoo.it;vmDmX83Y;jwilliams1974;06-02-2010
94;Cynthia Simmons;csimmons@yahoo.it;t6sHW9dD;csimmons1972;29-05-2003
130;Eric Taylor;etaylor@yahoo.it;NZQdoyvw;etaylor1969;27-08-1998
132;Kayla Schmidt;kschmidt@yahoo.it;LDDxFcrU;kschmidt1998;10-07-1947
13;John Wade;jwade@gmail.com;Uua8Ljit;jwade1974;20-12-1969
19;Bradley Patel;bpatel@icloud.com;4oeUETEP;bpatel1980;06-07-2007
28;Alexandra Lambert;alambert@icloud.com;YIJMpBq3;alambert1984;05-03-1985
30;Courtney Zuniga;czuniga@yahoo.es;WD76B8dh;czuniga1995;25-11-1994
32;Mitchell Taylor;mtaylor@gmail.com;VP7qD9CW;mtaylor1996;15-04-1953
35;Dwayne Roberts;droberts@yahoo.it;MCaZ9dwb;droberts1966;27-02-1958
36;Leslie Moore;lmoore@yahoo.com;uLZ8p2nf;lmoore1966;05-06-2001
44;Heidi Hood;hhood@hotmail.com;wfhYEQHK;hhood1985;21-01-2008
46;Sherri Smith;ssmith@hotmail.com;nwS2invN;ssmith1991;22-07-1984
69;Jonathan Kennedy;jkennedy@hotmail.com;Nvxb8bUc;jkennedy1987;04-09-1957
76;Richard Doyle;rdoyle@gmail.com;6YnIZbGu;rdoyle1985;14-04-1977
81;Holly Scott;hscott@gmail.com;fvaf0jVO;hscott1985;31-08-1982
82;Donald West;dwest@hotmail.com;h49f9vtW;dwest1975;03-11-1999
83;Peter Barber;pbarber@icloud.com;5gtKhoFM;pbarber1971;26-05-1976
84;David Kennedy;dkennedy@icloud.com;1cEgUKPh;dkennedy1960;05-02-2001
85;Alyssa Bryant;abryant@hotmail.com;TvuOp8nt;abryant1990;13-06-1997
86;Annette Randolph;arandolph@yahoo.com;lYKgY0ln;arandolph1981;24-05-1948
88;Courtney Barr;cbarr@gmail.com;Wwm7b2qs;cbarr1993;04-11-1994
92;Kristopher Poole;kpoole@hotmail.com;nlHJ64kw;kpoole1969;11-09-1976
98;David Cline;dcline@yahoo.es;qn4RRRHk;dcline1963;31-08-2003
113;Mr. Terry Ward;mterry@yahoo.com;4QaoW1b6;mterry1965;25-08-1950
114;Carol Welch;cwelch@gmail.com;sbeW0wlo;cwelch1963;22-01-1988
117;Sharon Vaughan;svaughan@gmail.com;OBgdy9ZL;svaughan1970;05-10-1981
121;Dean Warner;dwarner@icloud.com;Mz5QOECs;dwarner1963;05-06-1973
136;Aaron Greene;agreene@yahoo.es;COO4xT9X;agreene1968;14-12-1993
138;Kevin Jackson;kjackson@yahoo.es;aOqas1F7;kjackson1963;22-08-1951
140;Katherine Smith;ksmith@icloud.com;HP8EuHQ2;ksmith2000;05-12-2016
144;Michael Pugh;mpugh@icloud.com;idyJuY0H;mpugh1999;29-07-1959
149;Amanda Robertson;arobertson@yahoo.it;eXCXIleM;arobertson1963;02-01-1995